{"cameraMode":{"drawMode":0,"name":"Shaded","section":"Shading Mode"},"sceneLighting":true,"audioPlay":false,"sceneViewState":{"m_AlwaysRefresh":false,"showFog":true,"showSkybox":true,"showFlares":true,"showImageEffects":true,"showParticleSystems":true,"showVisualEffectGraphs":true,"m_FxEnabled":true},"in2DMode":false,"pivot":{"x":6.46381950378418,"y":1.1436896324157715,"z":-3.0589442253112795},"rotation":{"x":0.03923230618238449,"y":0.8043438792228699,"z":-0.053400713950395587,"w":0.5905329585075378},"size":4.194014549255371,"orthographic":false}